"Covariate","Value","Mode","K-Time Survival","2.5%","50%","97.5%"
"All","All","Clinical",0.684345348551939,0.615756366061264,0.684346842751359,0.768714498700015
"All","All","Screened",0.76845584754464,0.706108642985853,0.772035520380013,0.818469336332504
"stage","L","All",0.877953103499561,0.811471258511353,0.876411780123318,0.928425559564447
"stage","R","All",0.713004706978171,0.608761605093059,0.708276917012336,0.801298071633245
"stage","D","All",0.369344253693753,0.220905292933448,0.376965431454609,0.495608277037267
"tx","RP","All",0.779806446545722,0.661234699781582,0.78356918455917,0.865161734179513
"tx","RT","All",0.722272237139337,0.602991921930944,0.721762854519045,0.841650215297066
"tx","CM","All",0.701336968238129,0.593198454465768,0.702645951283291,0.810101818969413
